Job,Company,Location,Url
Sales Engineer,United Water Technology,"Kelapa Gading, Jakarta",glints.com/id/opportunities/jobs/sales-engineer/4a00cd04-2a04-40e1-8ffb-29a939e713a1
Engineer,Confidential Company Talenthunt 2-002,"Kuningan, Jakarta",glints.com/id/opportunities/jobs/engineer/0b87979e-4409-47c6-ac9e-c14ae97fea5a
Software Engineer,PT Infinitium Solutions,Jakarta,glints.com/id/opportunities/jobs/software-engineer/80672af6-1e82-42a5-881a-d3977e6195c1
Frontend Engineer,Twibbonize,Jakarta,glints.com/id/opportunities/jobs/frontend-engineer/d111814c-45f6-436f-9a80-345c6c735499
iOS Engineer,ProSpace Pte Ltd,Batam,glints.com/id/opportunities/jobs/ios-engineer/2cf74c2e-3fef-4644-a5b6-84191a4bc838
Storage Engineer,Pt. Infracom Technology,"Tanah Abang, Jakarta",glints.com/id/opportunities/jobs/storage-engineer/1e948549-2f81-4025-9d3d-6765ce31d083
Cloud Engineer,Ics Compute,"Kuningan, Jakarta",glints.com/id/opportunities/jobs/cloud-engineer/99cc59f6-c670-4e75-ad75-ab34ca4fdaa0
Software Engineer,BukuWarung,Jakarta,glints.com/id/opportunities/jobs/software-engineer/86694fdd-56d3-41de-a644-b4a67c792665
FIELD ENGINEER,Pt Bmt Asia Indonesia,Bogor,glints.com/id/opportunities/jobs/field-engineer/1f7f11c4-ef5f-425a-ade6-f854b4f36eab
System Engineer,Prosa.ai,Bandung,glints.com/id/opportunities/jobs/system-engineer/cb4d0a5a-e28a-46e6-b909-91fa765f819b
Backend Engineer,Tees.co.id,Jakarta,glints.com/id/opportunities/jobs/backend-engineer/dab4594d-0923-431e-94ef-b2918567fa3a
Android Engineer,Titipku,Jakarta,glints.com/id/opportunities/jobs/android-engineer/8e3517e0-7fb5-4fb0-8662-ad8f286fbbe2
Frontend Engineer,PT. Teknologi Kode Indonesia,Yogyakarta,glints.com/id/opportunities/jobs/frontend-engineer/c8b12c22-7094-4a86-8aad-4d4d9eda0ada
Backend Engineer,PT. Teknologi Kode Indonesia,Yogyakarta,glints.com/id/opportunities/jobs/backend-engineer/236e53b5-00b8-4b66-8b04-e79490812e12
DEVOPS ENGINEER,Bia Energi,"Setiabudi, Jakarta",glints.com/id/opportunities/jobs/devops-engineer/0c4d3b97-43fd-4b0e-a472-e1d9a322622e
Cloud Engineer,Jakmall.com,"Kebon Jeruk, Jakarta",glints.com/id/opportunities/jobs/cloud-engineer/4e700ec7-e9a0-4f99-a8a0-1f288cfc5440
Data Engineer,Pt. Dhana Jasa Konsultan,Jakarta,glints.com/id/opportunities/jobs/data-engineer/b6c04372-71a1-42f4-a7a7-87aa4dd53bcf
QA Engineer,Pt Akar Inti Teknologi,"Menteng, Jakarta",glints.com/id/opportunities/jobs/qa-engineer/eb30413e-1c54-4361-b351-5dc0a45454f4
Frontend Engineer,Prieds ( PT Solusi Kebutuhan Teknologi),Tangerang,glints.com/id/opportunities/jobs/frontend-engineer/37e0de73-2b30-43a1-8795-4f557bf92f43
QA Engineer,Eezee Ptd Ltd,Batam,glints.com/id/opportunities/jobs/qa-engineer/52343a80-e850-4de4-95ef-db79d00e4e3e
DATA ENGINEER,Pt. Sharing Vision Indonesia,Jakarta,glints.com/id/opportunities/jobs/data-engineer/bdcf185b-f43d-44c8-b2f9-fb5976725eae
DevOps Engineer,Wilopo Cargo,"Penjaringan, Jakarta",glints.com/id/opportunities/jobs/devops-engineer/276f8b96-cf23-4842-9a8b-34beaf3641e2
DevOps Engineer,"Appservation Co., Ltd",Malang,glints.com/id/opportunities/jobs/devops-engineer/c16fca1d-6e40-459d-b6da-5137440c315b
iOS Engineer,Avana Indonesia,Bandung,glints.com/id/opportunities/jobs/ios-engineer/f091f46b-127e-4f65-8da3-3c10a193dd5f
Software Engineer,Pt Simplefi Teknologi Indonesia,"Kuningan, Jakarta",glints.com/id/opportunities/jobs/software-engineer/691cdb1f-c7e6-489d-89ec-67e6a551b9af
Frontend Engineer,Brick - Financial Api,Jakarta,glints.com/id/opportunities/jobs/frontend-engineer/bf4fbb45-d03b-46fc-ba77-b0e3bfbadf19
Software Engineer,itemku,"Grogol Petamburan, Jakarta",glints.com/id/opportunities/jobs/software-engineer/063f0716-f564-4d9c-86fe-0946b6e33164
Frontend Engineer,Prieds ( PT Solusi Kebutuhan Teknologi),Yogyakarta,glints.com/id/opportunities/jobs/frontend-engineer/f8e61c30-c12f-4e9f-a19e-621beae715cb
Automation Engineer,Dhana Jasa Konsultan,Abang,glints.com/id/opportunities/jobs/automation-engineer/8bbcfa2b-7249-4a6c-8535-b179338e3c9d
Data Engineer,Lifepal,"Kemang, Jakarta",glints.com/id/opportunities/jobs/data-engineer/f7545b14-6a88-4bbf-a666-e82661110b57
